ID,Month_name,Type,No. of occupants,Units_Consumed(kwh),Bill_Amount,Avg_Temp (°C),CDD,Month_name,avg_tem,,
H01,Jan,Domestic,3,229,2320.35,24.5,0,Jan,24.5,,
H01,Feb,Domestic,3,227,2827.01,25,0,Feb,25,,
H01,Mar,Domestic,3,362,3970.32,27.2,2.2,Mar,27.2,,
H01,Apr,Domestic,3,430,4906.13,28.9,3.9,Apr,28.9,,
H01,May,Domestic,3,434,4930.8,30.6,5.6,May,30.6,,
H01,Jun,Domestic,3,339,3954.1,29.4,4.4,Jun,29.4,,
C02,Jan,Commercial,NA,3525,42294.54,24.5,0,,,,
C02,Feb,Commercial,NA,3531,42365.55,25,0,,,,
C02,Mar,Commercial,NA,3576,42529.54,27.2,2.2,,,,
C02,Apr,Commercial,NA,3149,34605.68,28.9,3.9,,,,
C02,May,Commercial,NA,2761,30412.6,30.6,5.6,,,,
C02,Jun,Commercial,NA,3347,38810.88,29.4,4.4,,,,
H03,Jan,Domestic,4,173,1724.03,24.5,0,,,,
H03,Feb,Domestic,4,184,1799.16,25,0,,,,
H03,Mar,Domestic,4,272,2794.86,27.2,2.2,,,,
H03,Apr,Domestic,4,422,4785.37,28.9,3.9,,,,
H03,May,Domestic,4,355,3954.54,30.6,5.6,,,,
H03,Jun,Domestic,4,181,1917.97,29.4,4.4,,,,
H04,Jan,Domestic,6,89,788.32,24.5,0,,,,
H04,Feb,Domestic,6,97,849.79,25,0,,,,
H04,Mar,Domestic,6,102,956.79,27.2,2.2,,,,
H04,Apr,Domestic,6,120,1158.6,28.9,3.9,,,,
H04,May,Domestic,6,38,395.53,30.6,5.6,,,,
H04,Jun,Domestic,6,0,104.4,29.4,4.4,,,,
H05,Jan,Domestic,5,47,465.57,24.5,0,,,,
H05,Feb,Domestic,5,51,496.3,25,0,,,,
H05,Mar,Domestic,5,65,603.89,27.2,2.2,,,,
H05,Apr,Domestic,5,82,733.33,28.9,3.9,,,,
H05,May,Domestic,5,95,832.22,30.6,5.6,,,,
H05,Jun,Domestic,5,93,856.81,29.4,4.4,,,,
H06,Jan,Domestic,3,57,473.1,24.5,0,,,,
H06,Feb,Domestic,3,63,522.9,25,0,,,,
H06,Mar,Domestic,3,68,564.4,27.2,2.2,,,,
H06,Apr,Domestic,3,65,542.75,28.9,3.9,,,,
H06,May,Domestic,3,71,592.85,30.6,5.6,,,,
H06,Jun,Domestic,3,69,576.15,29.4,4.4,,,,
H07,Jan,Domestic,4,125,1204.85,24.5,0,,,,
H07,Feb,Domestic,4,134,1258.34,25,0,,,,
H07,Mar,Domestic,4,154,1518.52,27.2,2.2,,,,
H07,Apr,Domestic,4,179,1829.5,28.9,3.9,,,,
H07,May,Domestic,4,175,1791.37,30.6,5.6,,,,
H07,Jun,Domestic,4,185,1966.38,29.4,4.4,,,,
H08,Jan,Domestic,4,64,577.28,24.5,0,,,,
H08,Feb,Domestic,4,70,631.4,25,0,,,,
H08,Mar,Domestic,4,75,684.2,27.2,2.2,,,,
H08,Apr,Domestic,4,66,621.71,28.9,3.9,,,,
H08,May,Domestic,4,80,729.6,30.6,5.6,,,,
H08,Jun,Domestic,4,81,763.02,29.4,4.4,,,,
H09,Jan,Domestic,8,528,4408.8,24.5,0,,,,
H09,Feb,Domestic,8,885,7329.75,25,0,,,,
H09,Mar,Domestic,8,541,4567.35,27.2,2.2,,,,
H09,Apr,Domestic,8,687,5736.45,28.9,3.9,,,,
H09,May,Domestic,8,566,4783.61,30.6,5.6,,,,
H09,Jun,Domestic,8,783,6738.05,29.4,4.4,,,,
H10,Jan,Domestic,3,147,1425.96,24.5,0,,,,
H10,Feb,Domestic,3,148,1379.36,25,0,,,,
H10,Mar,Domestic,3,152,1416.64,27.2,2.2,,,,
H10,Apr,Domestic,3,150,1428,28.9,3.9,,,,
H10,May,Domestic,3,149,1418.48,30.6,5.6,,,,
H10,Jun,Domestic,3,152,1447.04,29.4,4.4,,,,
C11,Jan,Commercial,NA,155,2409.24,24.5,0,,,,
C11,Feb,Commercial,NA,154,2397.4,25,0,,,,
C11,Mar,Commercial,NA,217,3143.04,27.2,2.2,,,,
C11,Apr,Commercial,NA,234,3144.7,28.9,3.9,,,,
C11,May,Commercial,NA,265,3438.58,30.6,5.6,,,,
C11,Jun,Commercial,NA,260,3544.99,29.4,4.4,,,,
H12,Jan,Domestic,2,64,596.21,24.5,0,,,,
H12,Feb,Domestic,2,68,626.94,25,0,,,,
H12,Mar,Domestic,2,85,757.57,27.2,2.2,,,,
H12,Apr,Domestic,2,235,2461.17,28.9,3.9,,,,
H12,May,Domestic,2,204,2122.87,30.6,5.6,,,,
H12,Jun,Domestic,2,106,1026.22,29.4,4.4,,,,
C13,Jan,Commercial,NA,84,1568.92,24.5,0,,,,
C13,Feb,Commercial,NA,77,1486.08,25,0,,,,
C13,Mar,Commercial,NA,75,1462.41,27.2,2.2,,,,
C13,Apr,Commercial,NA,88,1530.9,28.9,3.9,,,,
C13,May,Commercial,NA,197,2703.71,30.6,5.6,,,,
C13,Jun,Commercial,NA,228,3179.42,29.4,4.4,,,,
H14,Jan,Domestic,3,188,1860,24.5,0,,,,
H14,Feb,Domestic,3,130,1260,25,0,,,,
H14,Mar,Domestic,3,144,1400,27.2,2.2,,,,
H14,Apr,Domestic,3,203,2020,28.9,3.9,,,,
H14,May,Domestic,3,310,3280,30.6,5.6,,,,
H14,Jun,Domestic,3,393,4390,29.4,4.4,,,,
H15,Jan,Domestic,3,134,1302.19,24.5,0,,,,
H15,Feb,Domestic,3,149,1433.12,25,0,,,,
H15,Mar,Domestic,3,183,1856.36,27.2,2.2,,,,
H15,Apr,Domestic,3,204,2122.87,28.9,3.9,,,,
H15,May,Domestic,3,217,2260.17,30.6,5.6,,,,
H15,Jun,Domestic,3,192,2079.21,29.4,4.4,,,,
H16,Jan,Domestic,3,188,1860,24.5,0,,,,
H16,Feb,Domestic,3,130,1260,25,0,,,,
H16,Mar,Domestic,3,144,1400,27.2,2.2,,,,
H16,Apr,Domestic,3,203,2020,28.9,3.9,,,,
H16,May,Domestic,3,310,3280,30.6,5.6,,,,
H16,Jun,Domestic,3,393,4390,29.4,4.4,,,,
H17,Jan,Domestic,4,270,3619,24.5,0,,,,
H17,Feb,Domestic,4,524,5369,25,0,,,,
H17,Mar,Domestic,4,283,3666,27.2,2.2,,,,
H17,Apr,Domestic,4,199,2023,28.9,3.9,,,,
H17,May,Domestic,4,201,2092,30.6,5.6,,,,
H17,Jun,Domestic,4,209,2174,29.4,4.4,,,,
C18,Jan,Commercial,NA,5,744.43,24.5,0,,,,
C18,Feb,Commercial,NA,3,609.23,25,0,,,,
C18,Mar,Commercial,NA,3,609.23,27.2,2.2,,,,
C18,Apr,Commercial,NA,3,609.23,28.9,3.9,,,,
C18,May,Commercial,NA,4,676,30.6,5.6,,,,
C18,Jun,Commercial,NA,5,631.87,29.4,4.4,,,,
H19,Jan,Domestic,4,188,1860,24.5,0,,,,
H19,Feb,Domestic,4,209,2091.5,25,0,,,,
H19,Mar,Domestic,4,283,3666,27.2,2.2,,,,
H19,Apr,Domestic,4,253,2660.38,28.9,3.9,,,,
H19,May,Domestic,4,204,2122.87,30.6,5.6,,,,
H19,Jun,Domestic,4,207,2288.86,29.4,4.4,,,,
H20,Jan,Domestic,3,110,1001.88,24.5,0,,,,
H20,Feb,Domestic,3,132,1258.63,25,0,,,,
H20,Mar,Domestic,3,186,1869.94,27.2,2.2,,,,
H20,Apr,Domestic,3,259,2740.28,28.9,3.9,,,,
H20,May,Domestic,3,144,1463.4,30.6,5.6,,,,
H20,Jun,Domestic,3,281,3128.37,29.4,4.4,,,,
H21,Jan,Domestic,2,69,634.63,24.5,0,,,,
H21,Feb,Domestic,2,79,711.47,25,0,,,,
H21,Mar,Domestic,2,110,1048.6,27.2,2.2,,,,
H21,Apr,Domestic,2,96,839.88,28.9,3.9,,,,
H21,May,Domestic,2,103,957.01,30.6,5.6,,,,
H21,Jun,Domestic,2,96,881.08,29.4,4.4,,,,
H22,Jan,Domestic,1,62,555,24.5,0,,,,
H22,Feb,Domestic,1,60,544,25,0,,,,
H22,Mar,Domestic,1,57,515,27.2,2.2,,,,
H22,Apr,Domestic,1,67,606,28.9,3.9,,,,
H22,May,Domestic,1,68,615,30.6,5.6,,,,
H22,Jun,Domestic,1,33,297,29.4,4.4,,,,
C23,Jan,Commercial,NA,445,"5,340.00",24.5,0,,,,
C23,Feb,Commercial,NA,491,5961,25,0,,,,
C23,Mar,Commercial,NA,458,5560,27.2,2.2,,,,
C23,Apr,Commercial,NA,461,5597,28.9,3.9,,,,
C23,May,Commercial,NA,472,5730,30.6,5.6,,,,
C23,Jun,Commercial,NA,488,5924,29.4,4.4,,,,
H24,Jan,Domestic,3,209,1881,24.5,0,,,,
H24,Feb,Domestic,3,158,1422,25,0,,,,
H24,Mar,Domestic,3,162,1458,27.2,2.2,,,,
H24,Apr,Domestic,3,183,1647,28.9,3.9,,,,
H24,May,Domestic,3,176,1584,30.6,5.6,,,,
H24,Jun,Domestic,3,160,1440,29.4,4.4,,,,
H25,Jan,Domestic,3,143,1458,24.5,0,,,,
H25,Feb,Domestic,3,153,1560,25,0,,,,
H25,Mar,Domestic,3,170,1734,27.2,2.2,,,,
H25,Apr,Domestic,3,216,2203,28.9,3.9,,,,
H25,May,Domestic,3,190,1976,30.6,5.6,,,,
H25,Jun,Domestic,3,178,1816,29.4,4.4,,,,
C26,Jan,Commercial,NA,28351,384570.82,24.5,0,,,,
C26,Feb,Commercial,NA,25527,348864.18,25,0,,,,
C26,Mar,Commercial,NA,28559,387645.26,27.2,2.2,,,,
C26,Apr,Commercial,NA,18077,247048.919,28.9,3.9,,,,
C26,May,Commercial,NA,27159,301900.2,30.6,5.6,,,,
C26,Jun,Commercial,NA,24759,291269.47,29.4,4.4,,,,
H27,Jan,Domestic,4,228,2524.14,24.5,0,,,,
H27,Feb,Domestic,4,237,2599.56,25,0,,,,
H27,Mar,Domestic,4,300,3335.52,27.2,2.2,,,,
H27,Apr,Domestic,4,376,4505.76,28.9,3.9,,,,
H27,May,Domestic,4,433,5291.85,30.6,5.6,,,,
H27,Jun,Domestic,4,350,4355.08,29.4,4.4,,,,
H28,Jan,Domestic,4,190,2264.18,24.5,0,,,,
H28,Feb,Domestic,4,187,"2,226.85",25,0,,,,
H28,Mar,Domestic,4,235,"2,824.12",27.2,2.2,,,,
H28,Apr,Domestic,4,341,"4,143.09",28.9,3.9,,,,
H28,May,Domestic,4,351,"4,267.52",30.6,5.6,,,,
H28,Jun,Domestic,4,296,"3,583.15",29.4,4.4,,,,
H29,Jan,Domestic,3,87,805.80,24.5,0,,,,
H29,Feb,Domestic,3,133,"1,384.73",25,0,,,,
H29,Mar,Domestic,3,144,"1,499.26",27.2,2.2,,,,
H29,Apr,Domestic,3,176,"1,832.43",28.9,3.9,,,,
H29,May,Domestic,3,145,"1,509.67",30.6,5.6,,,,
H29,Jun,Domestic,3,165,"1,717.90",29.4,4.4,,,,
H30,Jan,Domestic,6,159,"1,563.20",24.5,0,,,,
H30,Feb,Domestic,6,203,"2,026.60",25,0,,,,
H30,Mar,Domestic,6,287,"3,003.07",27.2,2.2,,,,
H30,Apr,Domestic,6,269,"2,843.29",28.9,3.9,,,,
H30,May,Domestic,6,218,"2,271.60",30.6,5.6,,,,
H30,Jun,Domestic,6,239,"2,676.20",29.4,4.4,,,,
C31,Jan,Commercial,NA,163,1564.8,24.5,0,,,,
C31,Feb,Commercial,NA,171,1677.51,25,0,,,,
C31,Mar,Commercial,NA,174,1689.59,27.2,2.2,,,,
C31,Apr,Commercial,NA,179,1779.26,28.9,3.9,,,,
C31,Mar,Commercial,NA,189,1934.4,27.2,5.6,,,,
C31,Jun,Commercial,NA,209,2119.29,29.4,4.4,,,,
H32,Jan,Domestic,2,117,1099.8,24.5,0,,,,
H32,Feb,Domestic,2,124,1178,25,0,,,,
H32,Mar,Domestic,2,127,1207.77,27.2,2.2,,,,
H32,Apr,Domestic,2,137,1320.68,28.9,3.9,,,,
H32,May,Domestic,2,152,1526.08,30.6,5.6,,,,
H32,Jun,Domestic,2,186,1950.44,29.4,4.4,,,,
C33,Jan,Commercial,NA,239,2160.56,24.5,0,,,,
C33,Feb,Commercial,NA,283,2592.28,25,0,,,,
C33,Mar,Commercial,NA,364,3712.8,27.2,2.2,,,,
C33,Apr,Commercial,NA,388,3930.44,28.9,3.9,,,,
C33,May,Commercial,NA,391,3964.74,30.6,5.6,,,,
C33,Jun,Commercial,NA,421,4426.8,29.4,4.4,,,,
C34,Jan,Commercial,NA,237,2028.72,24.5,0,,,,
C34,Feb,Commercial,NA,277,2401.59,25,0,,,,
C34,Mar,Commercial,NA,312,2948.4,27.2,2.2,,,,
C34,Apr,Commercial,NA,339,3254.4,28.9,3.9,,,,
C34,May,Commercial,NA,382,3743.6,30.6,5.6,,,,
C34,Jun,Commercial,NA,404,4310.68,29.4,4.4,,,,
C35,Jan,Commercial,NA,168,169,24.5,0,,,,
C35,Feb,Commercial,NA,211,1829.37,25,0,,,,
C35,Mar,Commercial,NA,250,2362.5,27.2,2.2,,,,
C35,Apr,Commercial,NA,289,2774.4,28.9,3.9,,,,
C35,May,Commercial,NA,331,3243.8,30.6,5.6,,,,
C35,Jun,Commercial,NA,365,3894.55,29.4,4.4,,,,
C36,Jan,Commercial,NA,205,1754.8,24.5,0,,,,
C36,Feb,Commercial,NA,237,2054.79,25,0,,,,
C36,Mar,Commercial,NA,280,2646,27.2,2.2,,,,
C36,Apr,Commercial,NA,308,2956.8,28.9,3.9,,,,
C36,May,Commercial,NA,341,3341.8,30.6,5.6,,,,
C36,Jun,Commercial,NA,372,3969.24,29.4,4.4,,,,
H37,Jan,Domestic,4,249,2131.44,24.5,0,,,,
H37,Feb,Domestic,4,270,2340.9,25,0,,,,
H37,Mar,Domestic,4,294,2778.3,27.2,2.2,,,,
H37,Apr,Domestic,4,330,3168,28.9,3.9,,,,
H37,May,Domestic,4,373,3655.4,30.6,5.6,,,,
H37,Jun,Domestic,4,396,4225.32,29.4,4.4,,,,
C38,Jan,Commercial,NA,309,2645.04,24.5,0,,,,
C38,Feb,Commercial,NA,337,2921.79,25,0,,,,
C38,Mar,Commercial,NA,383,3619.35,27.2,2.2,,,,
C38,Apr,Commercial,NA,412,3955.2,28.9,3.9,,,,
C38,May,Commercial,NA,452,4429.6,30.6,5.6,,,,
C38,Jun,Commercial,NA,484,5164.28,29.4,4.4,,,,
C39,Jan,Commercial,NA,234,2003.04,24.5,0,,,,
C39,Feb,Commercial,NA,281,2436.27,25,0,,,,
C39,Mar,Commercial,NA,322,3042.9,27.2,2.2,,,,
C39,Apr,Commercial,NA,357,3427.2,28.9,3.9,,,,
C39,May,Commercial,NA,385,3773,30.6,5.6,,,,
C39,Jun,Commercial,NA,425,4534.75,29.4,4.4,,,,
H40,Jan,Domestic,5,143,1224.08,24.5,0,,,,
H40,Feb,Domestic,5,182,1577.94,25,0,,,,
H40,Mar,Domestic,5,224,2116.8,27.2,2.2,,,,
H40,Apr,Domestic,5,271,2601.6,28.9,3.9,,,,
H40,May,Domestic,5,317,3106.6,30.6,5.6,,,,
H40,Jun,Domestic,5,354,3777.18,29.4,4.4,,,,
C41,Jan,Commercial,NA,1293,13201.53,24.5,0,,,,
C41,Feb,Commercial,NA,1412,15221.36,25,0,,,,
C41,Mar,Commercial,NA,1538,17225.6,27.2,2.2,,,,
C41,Apr,Commercial,NA,1628,19242.96,28.9,3.9,,,,
C41,May,Commercial,NA,1761,22787.34,30.6,5.6,,,,
C41,Jun,Commercial,NA,1907,25591.94,29.4,4.4,,,,
C42,Jan,Commercial,NA,1100,11231,24.5,0,,,,
C42,Feb,Commercial,NA,1197,12903.66,25,0,,,,
C42,Mar,Commercial,NA,1286,14403.2,27.2,2.2,,,,
C42,Apr,Commercial,NA,1400,16548,28.9,3.9,,,,
C42,May,Commercial,NA,1510,19539.4,30.6,5.6,,,,
C42,Jun,Commercial,NA,1625,21807.5,29.4,4.4,,,,
C43,Jan,Commercial,NA,1166,11904.86,24.5,0,,,,
C43,Feb,Commercial,NA,1246,13431.88,25,0,,,,
C43,Mar,Commercial,NA,1349,15108.8,27.2,2.2,,,,
C43,Apr,Commercial,NA,1471,17387.22,28.9,3.9,,,,
C43,May,Commercial,NA,1620,20962.8,30.6,5.6,,,,
C43,Jun,Commercial,NA,1749,23471.58,29.4,4.4,,,,
C44,Jan,Commercial,NA,1112,11353.52,24.5,0,,,,
C44,Feb,Commercial,NA,1198,12914.44,25,0,,,,
C44,Mar,Commercial,NA,1311,14683.2,27.2,2.2,,,,
C44,Apr,Commercial,NA,1407,16630.74,28.9,3.9,,,,
C44,May,Commercial,NA,1489,19267.66,30.6,5.6,,,,
C44,Jun,Commercial,NA,1604,21525.68,29.4,4.4,,,,
C45,Jan,Commercial,NA,1232,12578.72,24.5,0,,,,
C45,Feb,Commercial,NA,1343,14477.54,25,0,,,,
C45,Mar,Commercial,NA,1423,15937.6,27.2,2.2,,,,
C45,Apr,Commercial,NA,1550,18321,28.9,3.9,,,,
C45,May,Commercial,NA,1637,21182.78,30.6,5.6,,,,
C45,Jun,Commercial,NA,1722,23109.24,29.4,4.4,,,,
C46,Jan,Commercial,NA,255,2182.8,24.5,0,,,,
C46,Feb,Commercial,NA,279,2418.93,25,0,,,,
C46,Mar,Commercial,NA,314,2967.3,27.2,2.2,,,,
C46,Apr,Commercial,NA,351,3369.6,28.9,3.9,,,,
C46,May,Commercial,NA,391,3831.8,30.6,5.6,,,,
C46,Jun,Commercial,NA,437,4662.79,29.4,4.4,,,,
C47,Jan,Commercial,NA,303,2593.68,24.5,0,,,,
C47,Feb,Commercial,NA,329,2852.43,25,0,,,,
C47,Mar,Commercial,NA,349,3298.05,27.2,2.2,,,,
C47,Apr,Commercial,NA,369,3542.4,28.9,3.9,,,,
C47,May,Commercial,NA,405,3969,30.6,5.6,,,,
C47,Jun,Commercial,NA,450,4801.5,29.4,4.4,,,,
H48,Jan,Domestic,4,224,2116.8,24.5,0,,,,
H48,Feb,Domestic,4,271,2601.6,25,0,,,,
H48,Mar,Domestic,4,317,3106.6,27.2,2.2,,,,
H48,Apr,Domestic,4,354,3777.18,28.9,3.9,,,,
H48,May,Domestic,4,323,2764.88,30.6,5.6,,,,
H48,Jun,Domestic,4,351,3043.17,29.4,4.4,,,,
H49,Jan,Domestic,1,151,1292.56,24.5,0,,,,
H49,Feb,Domestic,1,192,1664.64,25,0,,,,
H49,Mar,Domestic,1,221,2088.45,27.2,2.2,,,,
H49,Apr,Domestic,1,252,2419.2,28.9,3.9,,,,
H49,May,Domestic,1,286,2802.8,30.6,5.6,,,,
H49,Jun,Domestic,1,328,3499.76,29.4,4.4,,,,
C50,Jan,Commercial,NA,1222,12476.62,24.5,0,,,,
C50,Feb,Commercial,NA,1327,14305.06,25,0,,,,
C50,Mar,Commercial,NA,1476,16531.2,27.2,2.2,,,,
C50,Apr,Commercial,NA,1609,19018.38,28.9,3.9,,,,
C50,May,Commercial,NA,1698,21972.12,30.6,5.6,,,,
C50,Jun,Commercial,NA,1778,23860.76,29.4,4.4,,,,
H51,Jan,Commercial,NA,477,3830.31,24.5,0,,,,
H51,Feb,Commercial,NA,519,4453.02,25,0,,,,
H51,Mar,Commercial,NA,560,4883.2,27.2,2.2,,,,
H51,Apr,Commercial,NA,609,5493.18,28.9,3.9,,,,
H51,May,Commercial,NA,669,6308.67,30.6,5.6,,,,
H51,Jun,Commercial,NA,716,7374.8,29.4,4.4,,,,
H52,Jan,Domestic,2,183,1566.48,24.5,0,,,,
H52,Feb,Domestic,2,203,1760.01,25,0,,,,
H52,Mar,Domestic,2,249,2353.05,27.2,2.2,,,,
H52,Apr,Domestic,2,282,2707.2,28.9,3.9,,,,
H52,May,Domestic,2,330,3234,30.6,5.6,,,,
H52,Jun,Domestic,2,354,3777.18,29.4,4.4,,,,
C53,Jan,Commercial,NA,168,"1,938.19",24.5,0,,,,
C53,Feb,Commercial,NA,257,"2,964.98",25,0,,,,
C53,Mar,Commercial,NA,384,"4,430.16",27.2,2.2,,,,
C53,Apr,Commercial,NA,469,"5,410.80",28.9,3.9,,,,
C53,May,Commercial,NA,568,"6,552.95",30.6,5.6,,,,
C53,Jun,Commercial,NA,514,"5,929.96",29.4,4.4,,,,
H54,Jan,Domestic,4,68,626.94,24.5,0,,,,
H54,Feb,Domestic,4,87,772.94,25,0,,,,
H54,Mar,Domestic,4,83,741.48,27.2,2.2,,,,
H54,Apr,Domestic,4,80,714.67,28.9,3.9,,,,
H54,May,Domestic,4,77,694.31,30.6,5.6,,,,
H54,Jun,Domestic,4,100,925.48,29.4,4.4,,,,
H55,Jan,Domestic,5,297,"2,560.00",24.5,0,,,,
H55,Feb,Domestic,5,276,"2,290.00",25,0,,,,
H55,Mar,Domestic,5,422,"3,950.00",27.2,2.2,,,,
H55,Apr,Domestic,5,489,"4,700.00",28.9,3.9,,,,
H55,May,Domestic,5,389,"3,720.00",30.6,5.6,,,,
H55,Jun,Domestic,5,566,"5,840.00",29.4,4.4,,,,
H56,Jan,Domestic,5,68,696.32,24.5,0,,,,
H56,Feb,Domestic,5,65,665.60,25,0,,,,
H56,Mar,Domestic,5,115,"1,177.60",27.2,2.2,,,,
H56,Apr,Domestic,5,131,"1,341.44",28.9,3.9,,,,
H56,May,Domestic,5,124,"1,269.76",30.6,5.6,,,,
H56,Jun,Domestic,5,128,"1,310.72",29.4,4.4,,,,
H57,Jan,Domestic,5,40,396.23,24.5,0,,,,
H57,Feb,Domestic,5,40,396.23,25,0,,,,
H57,Mar,Domestic,5,47,465.56,27.2,2.2,,,,
H57,Apr,Domestic,5,43,425.94,28.9,3.9,,,,
H57,May,Domestic,5,37,366.51,30.6,5.6,,,,
H57,Jun,Domestic,5,37,366.51,29.4,4.4,,,,
H58,Jan,Domestic,1,56,560,24.5,0,,,,
H58,Feb,Domestic,1,84,840,25,0,,,,
H58,Mar,Domestic,1,124,1230,27.2,2.2,,,,
H58,Apr,Domestic,1,88,880,28.9,3.9,,,,
H58,May,Domestic,1,160,1580,30.6,5.6,,,,
H58,Jun,Domestic,1,82,820,29.4,4.4,,,,
H59,Jan,Domestic,4,130,1249.53,24.5,0,,,,
H59,Feb,Domestic,4,114,1054.55,25,0,,,,
H59,Mar,Domestic,4,124,1194.03,27.2,2.2,,,,
H59,Apr,Domestic,4,122,1184.52,28.9,3.9,,,,
H59,May,Domestic,4,155,1551.43,30.6,5.6,,,,
H59,Jun,Domestic,4,124,1244.1,29.4,4.4,,,,
H60,Jan,Domestic,4,241,"2,554.60",24.5,0,,,,
H60,Feb,Domestic,4,247,"2,618.20",25,0,,,,
H60,Mar,Domestic,4,338,3587.51,27.2,2.2,,,,
H60,Apr,Domestic,4,421,4765.22,28.9,3.9,,,,
H60,May,Domestic,4,456,"5,157.36",30.6,5.6,,,,
H60,Jun,Domestic,4,356,4431.01,29.4,4.4,,,,
H61,Jan,Domestic,4,116,1098.11,24.5,0,,,,
H61,Feb,Domestic,4,110,1011.28,25,0,,,,
H61,Mar,Domestic,4,127,1226.48,27.2,2.2,,,,
H61,Apr,Domestic,4,131,1280.72,28.9,3.9,,,,
H61,May,Domestic,4,136,1345.55,30.6,5.6,,,,
H61,Jun,Domestic,4,150,1542.74,29.4,4.4,,,,
C62,Jan,Commercial,NA,209,3048.35,24.5,0,,,,
C62,Feb,Commercial,NA,99,1746.46,25,0,,,,
C62,Mar,Commercial,NA,40,1048.17,27.2,2.2,,,,
C62,Apr,Commercial,NA,89,1573.59,28.9,3.9,,,,
C62,May,Commercial,NA,41,1017.84,30.6,5.6,,,,
C62,Jun,Commercial,NA,48,1123.1,29.4,4.4,,,,
H63,Jan,Domestic,5,227,2298.72,24.5,0,,,,
H63,Feb,Domestic,5,206,2049.65,25,0,,,,
H63,Mar,Domestic,5,254,2600.16,27.2,2.2,,,,
H63,Apr,Domestic,5,229,2376.38,28.9,3.9,,,,
H63,May,Domestic,5,245,2591.56,30.6,5.6,,,,
H63,Jun,Domestic,5,327,3697.09,29.4,4.4,,,,
H64,Jan,Domestic,4,112,1064.23,24.5,0,,,,
H64,Feb,Domestic,4,117,1074.47,25,0,,,,
H64,Mar,Domestic,4,126,1215.66,27.2,2.2,,,,
H64,Apr,Domestic,4,125,1213.68,28.9,3.9,,,,
H64,May,Domestic,4,130,1276.96,30.6,5.6,,,,
H64,Jun,Domestic,4,130,1300.66,29.4,4.4,,,,
H65,Jan,Domestic,2,43,434.83,24.5,0,,,,
H65,Feb,Domestic,2,67,619.26,25,0,,,,
H65,Mar,Domestic,2,110,1042.6,27.2,2.2,,,,
H65,Apr,Domestic,2,115,1102.13,28.9,3.9,,,,
H65,May,Domestic,2,71,648.35,30.6,5.6,,,,
H65,Jun,Domestic,2,42,444.2,29.4,4.4,,,,
H66,Jan,Domestic,3,134,1302.19,24.5,0,,,,
H66,Feb,Domestic,3,156,1496.3,25,0,,,,
H66,Mar,Domestic,3,168,1669.95,27.2,2.2,,,,
H66,Apr,Domestic,3,158,1282.59,28.9,3.9,,,,
H66,May,Domestic,3,254,2694.43,30.6,5.6,,,,
H66,Jun,Domestic,3,328,2710.9,29.4,4.4,,,,
H67,Jan,Domestic,1,11,188.92,24.5,0,,,,
H67,Feb,Domestic,1,1,112.08,25,0,,,,
H67,Mar,Domestic,1,32,350.3,27.2,2.2,,,,
H67,Apr,Domestic,1,6,150.41,28.9,3.9,,,,
H67,May,Domestic,1,21,265.29,30.6,5.6,,,,
H67,Jun,Domestic,1,66,638.37,29.4,4.4,,,,
H68,Jan,Domestic,4,160,1574.02,24.5,0,,,,
H68,Feb,Domestic,4,152,1465.57,25,0,,,,
H68,Mar,Domestic,4,178,1778.11,27.2,2.2,,,,
H68,Apr,Domestic,4,238,2476.81,28.9,3.9,,,,
H68,May,Domestic,4,261,2774.45,30.6,5.6,,,,
H68,Jun,Domestic,4,296,3309.93,29.4,4.4,,,,
H69,Jan,Domestic,4,108,1011.57,24.5,0,,,,
H69,Feb,Domestic,4,109,1000.46,25,0,,,,
H69,Mar,Domestic,4,140,1367.1,27.2,2.2,,,,
H69,Apr,Domestic,4,134,1314.39,28.9,3.9,,,,
H69,May,Domestic,4,52,502.78,30.6,5.6,,,,
H69,Jun,Domestic,4,219,2377.92,29.4,4.4,,,,
H70,Jan,Domestic,5,186,1864.64,24.5,0,,,,
H70,Feb,Domestic,5,176,1712.63,25,0,,,,
H70,Mar,Domestic,5,206,2880.97,27.2,2.2,,,,
H70,Apr,Domestic,5,255,2666.83,28.9,3.9,,,,
H70,May,Domestic,5,265,2820.18,30.6,5.6,,,,
H70,Jun,Domestic,5,295,3297.83,29.4,4.4,,,,
H71,Jan,Domestic,1,54,519.36,24.5,0,,,,
H71,Feb,Domestic,1,37,388.72,25,0,,,,
H71,Mar,Domestic,1,53,511.67,27.2,2.2,,,,
H71,Apr,Domestic,1,13,204.12,28.9,3.9,,,,
H71,May,Domestic,1,48,472.14,30.6,5.6,,,,
H71,Jun,Domestic,1,169,1772.72,29.4,4.4,,,,
C72,Jan,Commercial,NA,2574,27812.14,24.5,0,,,,
C72,Feb,Commercial,NA,2420,26178.72,25,0,,,,
C72,Mar,Commercial,NA,2534,27387.87,27.2,2.2,,,,
C72,Apr,Commercial,NA,2455,24970.99,28.9,3.9,,,,
C72,May,Commercial,NA,2412,23449.1,30.6,5.6,,,,
C72,Jun,Commercial,NA,2368,24176.18,29.4,4.4,,,,
H73,Jan,Domestic,2,27,311.88,24.5,0,,,,
H73,Feb,Domestic,2,35,373.35,25,0,,,,
H73,Mar,Domestic,2,42,427.15,27.2,2.2,,,,
H73,Apr,Domestic,2,50,487.92,28.9,3.9,,,,
H73,May,Domestic,2,47,464.48,30.6,5.6,,,,
H73,Jun,Domestic,2,54,541.28,29.4,4.4,,,,
H74,Jan,Domestic,5,148,1453.62,24.5,0,,,,
H74,Feb,Domestic,5,167,1615.29,25,0,,,,
H74,Mar,Domestic,5,217,2199.96,27.2,2.2,,,,
H74,Apr,Domestic,5,230,2387.2,28.9,3.9,,,,
H74,May,Domestic,5,221,2317.21,30.6,5.6,,,,
H74,Jun,Domestic,5,225,2450.54,29.4,4.4,,,,
C75,Jan,Commercial,NA,289,3995.19,24.5,0,,,,
C75,Feb,Commercial,NA,273,3805.82,25,0,,,,
C75,Mar,Commercial,NA,306,4196.38,27.2,2.2,,,,
C75,Apr,Commercial,NA,326,4235.62,28.9,3.9,,,,
C75,May,Commercial,NA,342,4270.71,30.6,5.6,,,,
C75,Jun,Commercial,NA,399,5132.93,29.4,4.4,,,,
H76,Jan,Domestic,2,11,188.92,24.5,0,,,,
H76,Feb,Domestic,2,6,150.5,25,0,,,,
H76,Mar,Domestic,2,3,127.45,27.2,2.2,,,,
H76,Apr,Domestic,2,4,135.07,28.9,3.9,,,,
H76,May,Domestic,2,0,104.4,30.6,5.6,,,,
H76,Jun,Domestic,2,29,339.02,29.4,4.4,,,,
H77,Jan,Domestic,3,80,719.15,24.5,0,,,,
H77,Feb,Domestic,3,55,527.04,25,0,,,,
H77,Mar,Domestic,3,114,1085.87,27.2,2.2,,,,
H77,Apr,Domestic,3,129,1258.47,28.9,3.9,,,,
H77,May,Domestic,3,148,1482.73,30.6,5.6,,,,
H77,Jun,Domestic,3,146,1494.33,29.4,4.4,,,,
H78,Jan,Domestic,2,32,350.3,24.5,0,,,,
H78,Feb,Domestic,2,30,334.93,25,0,,,,
H78,Mar,Domestic,2,29,327.25,27.2,2.2,,,,
H78,Apr,Domestic,2,42,426.57,28.9,3.9,,,,
H78,May,Domestic,2,52,502.78,30.6,5.6,,,,
H78,Jun,Domestic,2,58,573.64,29.4,4.4,,,,
C79,Jan,Commercial,NA,0,574.75,24.5,0,,,,
C79,Feb,Commercial,NA,121,2006.84,25,0,,,,
C79,Mar,Commercial,NA,248,3509.93,27.2,2.2,,,,
C79,Apr,Commercial,NA,344,4438.37,28.9,3.9,,,,
C79,May,Commercial,NA,499,5967.39,30.6,5.6,,,,
C79,Jun,Commercial,NA,566,7040.74,29.4,4.4,,,,
H80,Jan,Domestic,4,212,2136.47,24.5,0,,,,
H80,Feb,Domestic,4,178,1746.79,25,0,,,,
H80,Mar,Domestic,4,265,2719.15,27.2,2.2,,,,
H80,Apr,Domestic,4,316,3397.95,28.9,3.9,,,,
H80,May,Domestic,4,219,2294.35,30.6,5.6,,,,
H80,Jun,Domestic,4,143,1458.02,29.4,4.4,,,,
C81,Jan,Commercial,NA,7,657.6,24.5,0,,,,
C81,Feb,Commercial,NA,11,704.94,25,0,,,,
C81,Mar,Commercial,NA,21,823.3,27.2,2.2,,,,
C81,Apr,Commercial,NA,21,809.92,28.9,3.9,,,,
C81,May,Commercial,NA,24,834.12,30.6,5.6,,,,
C81,Jun,Commercial,NA,495,6229.63,29.4,4.4,,,,
H82,Jan,Domestic,3,89,788.32,24.5,0,,,,
H82,Feb,Domestic,3,87,772.94,25,0,,,,
H82,Mar,Domestic,3,112,1064.23,27.2,2.2,,,,
H82,Apr,Domestic,3,151,1504.42,28.9,3.9,,,,
H82,May,Domestic,3,136,1345.55,30.6,5.6,,,,
H82,Jun,Domestic,3,131,1312.77,29.4,4.4,,,,
H83,Jan,Domestic,4,183,18220.8,24.5,0,,,,
H83,Feb,Domestic,4,176,1725.16,25,0,,,,
H83,Mar,Domestic,4,202,2037.71,27.2,2.2,,,,
H83,Apr,Domestic,4,209,2152.67,28.9,3.9,,,,
H83,May,Domestic,4,235,2477.24,30.6,5.6,,,,
H83,Jun,Domestic,4,169,1772.7,29.4,4.4,,,,
H84,Jan,Domestic,4,149,1455.04,24.5,0,,,,
H84,Feb,Domestic,4,137,1303.32,25,0,,,,
H84,Mar,Domestic,4,157,1550.97,27.2,2.2,,,,
H84,Apr,Domestic,4,157,1571.78,28.9,3.9,,,,
H84,May,Domestic,4,154,1551.31,30.6,5.6,,,,
H84,Jun,Domestic,4,57,565.55,29.4,4.4,,,,
C85,Jan,Commercial,NA,108,1852.97,24.5,0,,,,
C85,Feb,Commercial,NA,104,1805.63,25,0,,,,
C85,Mar,Commercial,NA,111,1888.48,27.2,2.2,,,,
C85,Apr,Commercial,NA,120,1921.98,28.9,3.9,,,,
C85,May,Commercial,NA,131,1990.45,30.6,5.6,,,,
C85,Jun,Commercial,NA,138,2151.27,29.4,4.4,,,,
C86,Jan,Commercial,NA,22,835.13,24.5,0,,,,
C86,Feb,Commercial,NA,186,2776.13,25,0,,,,
C86,Mar,Commercial,NA,605,7735.17,27.2,2.2,,,,
C86,Apr,Commercial,NA,736,8841.29,28.9,3.9,,,,
C86,May,Commercial,NA,800,9220.27,30.6,5.6,,,,
C86,Jun,Commercial,NA,864,1445.09,29.4,4.4,,,,
H87,Jan,Domestic,2,95,834.42,24.5,0,,,,
H87,Feb,Domestic,2,97,849.79,25,0,,,,
H87,Mar,Domestic,2,118,1129.13,27.2,2.2,,,,
H87,Apr,Domestic,2,151,1504.42,28.9,3.9,,,,
H87,May,Domestic,2,160,1619.9,30.6,5.6,,,,
H87,Jun,Domestic,2,191,2039.01,29.4,4.4,,,,
H88,Jan,Domestic,1,46,457.88,24.5,0,,,,
H88,Feb,Domestic,1,40,411.78,25,0,,,,
H88,Mar,Domestic,1,66,611.57,27.2,2.2,,,,
H88,Apr,Domestic,1,90,794.77,28.9,3.9,,,,
H88,May,Domestic,1,98,858.97,30.6,5.6,,,,
H88,Jun,Domestic,1,101,973.73,29.4,4.4,,,,
H89,Jan,Domestic,3,27,311.88,24.5,0,,,,
H89,Feb,Domestic,3,36,381.03,25,0,,,,
H89,Mar,Domestic,3,50,488.63,27.2,2.2,,,,
H89,Apr,Domestic,3,63,587.66,28.9,3.9,,,,
H89,May,Domestic,3,64,594.72,30.6,5.6,,,,
H89,Jun,Domestic,3,73,695,29.4,4.4,,,,
H90,Jan,Domestic,3,94,826.74,24.5,0,,,,
H90,Feb,Domestic,3,73,665.36,25,0,,,,
H90,Mar,Domestic,3,59,557.78,27.2,2.2,,,,
H90,Apr,Domestic,3,62,579.97,28.9,3.9,,,,
H90,May,Domestic,3,88,778.59,30.6,5.6,,,,
H90,Jun,Domestic,3,102,981.82,29.4,4.4,,,,
C91,Jan,Commercial,NA,20,811.46,24.5,0,,,,
C91,Feb,Commercial,NA,51,1178.36,25,0,,,,
C91,Mar,Commercial,NA,53,1202.03,27.2,2.2,,,,
C91,Apr,Commercial,NA,55,1191.75,28.9,3.9,,,,
C91,May,Commercial,NA,32,920.57,30.6,5.6,,,,
C91,Jun,Commercial,NA,27,883.2,29.4,4.4,,,,
C92,Jan,Commercial,NA,58,1261.2,24.5,0,,,,
C92,Feb,Commercial,NA,59,1273.04,25,0,,,,
C92,Mar,Commercial,NA,78,1497.91,27.2,2.2,,,,
C92,Apr,Commercial,NA,92,1608.07,28.9,3.9,,,,
C92,May,Commercial,NA,68,1309.62,30.6,5.6,,,,
C92,Jun,Commercial,NA,82,1511.52,29.4,4.4,,,,
H93,Jan,Domestic,4,96,842.1,24.5,0,,,,
H93,Feb,Domestic,4,123,1151.89,25,0,,,,
H93,Mar,Domestic,4,123,1183.21,27.2,2.2,,,,
H93,Apr,Domestic,4,132,1289.69,28.9,3.9,,,,
H93,May,Domestic,4,155,1562.74,30.6,5.6,,,,
H93,Jun,Domestic,4,190,2026.91,29.4,4.4,,,,
H94,Jan,Domestic,1,27,311.88,24.5,0,,,,
H94,Feb,Domestic,1,24,288.83,25,0,,,,
H94,Mar,Domestic,1,51,296.3,27.2,2.2,,,,
H94,Apr,Domestic,1,50,487.92,28.9,3.9,,,,
H94,May,Domestic,1,69,633.03,30.6,5.6,,,,
H94,Jun,Domestic,1,75,711.18,29.4,4.4,,,,
H95,Jan,Domestic,3,122,1172.4,24.5,0,,,,
H95,Feb,Domestic,3,128,1193.45,25,0,,,,
H95,Mar,Domestic,3,178,1778.11,27.2,2.2,,,,
H95,Apr,Domestic,3,212,2186.35,28.9,3.9,,,,
H95,May,Domestic,3,214,2237.19,30.6,5.6,,,,
H95,Jun,Domestic,3,193,2063.22,29.4,4.4,,,,
C96,Jan,Commercial,NA,122,2018.67,24.5,0,,,,
C96,Feb,Commercial,NA,146,2302.72,25,0,,,,
C96,Mar,Commercial,NA,170,2586.77,27.2,2.2,,,,
C96,Apr,Commercial,NA,116,1877.72,28.9,3.9,,,,
C96,May,Commercial,NA,97,1623.06,30.6,5.6,,,,
C96,Jun,Commercial,NA,175,2573.95,29.4,4.4,,,,
H97,Jan,Domestic,4,78,703.78,24.5,0,,,,
H97,Feb,Domestic,4,75,680.73,25,0,,,,
H97,Mar,Domestic,4,100,882.24,27.2,2.2,,,,
H97,Apr,Domestic,4,120,1158.05,28.9,3.9,,,,
H97,May,Domestic,4,115,1105.5,30.6,5.6,,,,
H97,Jun,Domestic,4,137,1385.39,29.4,4.4,,,,
H98,Jan,Domestic,4,77,696.1,24.5,0,,,,
H98,Feb,Domestic,4,80,719.15,25,0,,,,
H98,Mar,Domestic,4,98,860.6,27.2,2.2,,,,
H98,Apr,Domestic,4,114,1090.7,28.9,3.9,,,,
H98,May,Domestic,4,118,1139.79,30.6,5.6,,,,
H98,Jun,Domestic,4,129,1288.56,29.4,4.4,,,,
H99,Jan,Domestic,4,106,989.94,24.5,0,,,,
H99,Feb,Domestic,4,109,1000.46,25,0,,,,
H99,Mar,Domestic,4,131,1269.74,27.2,2.2,,,,
H99,Apr,Domestic,4,134,1314.39,28.9,3.9,,,,
H99,May,Domestic,4,148,1482.73,30.6,5.6,,,,
H99,Jun,Domestic,4,173,1821.14,29.4,4.4,,,,
C100,Jan,Commercial,NA,122,2018.67,24.5,0,,,,
C100,Feb,Commercial,NA,96,1710.95,25,0,,,,
C100,Mar,Commercial,NA,123,2030.51,27.2,2.2,,,,
C100,Apr,Commercial,NA,124,1967.26,28.9,3.9,,,,
C100,May,Commercial,NA,154,2239.01,30.6,5.6,,,,
C100,Jun,Commercial,NA,184,2676.76,29.4,4.4,,,,
H101,Jan,Domestic,5,107,1000.75,24.5,0,,,,
H101,Feb,Domestic,5,71,649.99,25,0,,,,
H101,Mar,Domestic,5,112,1172.4,27.2,2.2,,,,
H101,Apr,Domestic,5,90,794.77,28.9,3.9,,,,
H101,May,Domestic,5,161,1631.33,30.6,5.6,,,,
H101,Jun,Domestic,5,217,2353.72,29.4,4.4,,,,
H102,Jan,Domestic,4,123,1173.82,24.5,0,,,,
H102,Feb,Domestic,4,99,865.16,25,0,,,,
H102,Mar,Domestic,4,154,1518.52,27.2,2.2,,,,
H102,Apr,Domestic,4,160,1604.84,28.9,3.9,,,,
H102,May,Domestic,4,130,1276.96,30.6,5.6,,,,
H102,Jun,Domestic,4,137,1385.39,29.4,4.4,,,,
H103,Jan,Domestic,4,124,1184.63,24.5,0,,,,
H103,Feb,Domestic,4,119,1108.63,25,0,,,,
H103,Mar,Domestic,4,114,1085.87,27.2,2.2,,,,
H103,Apr,Domestic,4,117,1124.37,28.9,3.9,,,,
H103,May,Domestic,4,138,1368.42,30.6,5.6,,,,
H103,Jun,Domestic,4,149,1530.64,29.4,4.4,,,,
H104,Jan,Domestic,5,324,3403.59,24.5,0,,,,
H104,Feb,Domestic,5,292,2979.87,25,0,,,,
H104,Mar,Domestic,5,330,3515.01,27.2,2.2,,,,
H104,Apr,Domestic,5,398,4471.24,28.9,3.9,,,,
H104,May,Domestic,5,439,5051.19,30.6,5.6,,,,
H104,Jun,Domestic,5,499,6072.27,29.4,4.4,,,,
H105,Jan,Domestic,4,337,3574.36,24.5,0,,,,
H105,Feb,Domestic,4,331,3424.9,25,0,,,,
H105,Mar,Domestic,4,402,4460.83,27.2,2.2,,,,
H105,Apr,Domestic,4,431,4903.19,28.9,3.9,,,,
H105,May,Domestic,4,464,5377.57,30.6,5.6,,,,
H105,Jun,Domestic,4,421,4995.16,29.4,4.4,,,,
H106,Jan,Domestic,3,119,1130.55,24.5,0,,,,
H106,Feb,Domestic,3,119,1108.63,25,0,,,,
H106,Mar,Domestic,3,150,1475.26,27.2,2.2,,,,
H106,Apr,Domestic,3,180,1828.55,28.9,3.9,,,,
H106,May,Domestic,3,208,2168.6,30.6,5.6,,,,
H106,Jun,Domestic,3,151,1554.85,29.4,4.4,,,,
H107,Jan,Domestic,3,67,619.26,24.5,0,,,,
H107,Feb,Domestic,3,90,796,25,0,,,,
H107,Mar,Domestic,3,103,966.88,27.2,2.2,,,,
H107,Apr,Domestic,3,107,1012.51,28.9,3.9,,,,
H107,May,Domestic,3,112,1071.2,30.6,5.6,,,,
H107,Jun,Domestic,3,86,800.17,29.4,4.4,,,,
H108,Jan,Domestic,2,91,803.68,24.5,0,,,,
H108,Feb,Domestic,2,80,719.15,25,0,,,,
H108,Mar,Domestic,2,87,772.94,27.2,2.2,,,,
H108,Apr,Domestic,2,100,882.14,28.9,3.9,,,,
H108,May,Domestic,2,122,1185.52,30.6,5.6,,,,
H108,Jun,Domestic,2,112,1082.79,29.4,4.4,,,,
H109,Jan,Domestic,4,136,1314.43,24.5,0,,,,
H109,Feb,Domestic,4,131,1238.42,25,0,,,,
H109,Mar,Domestic,4,170,1691.59,27.2,2.2,,,,
H109,Apr,Domestic,4,215,2220.04,28.9,3.9,,,,
H109,May,Domestic,4,161,1631.33,30.6,5.6,,,,
H109,Jun,Domestic,4,142,1445.92,29.4,4.4,,,,
H110,Jan,Domestic,4,160,1574.02,24.5,0,,,,
H110,Feb,Domestic,4,144,1379.04,25,0,,,,
H110,Mar,Domestic,4,202,2037.71,27.2,2.2,,,,
H110,Apr,Domestic,4,224,2320.46,28.9,3.9,,,,
H110,May,Domestic,4,237,2500.1,30.6,5.6,,,,
H110,Jun,Domestic,4,264,2922.61,29.4,4.4,,,,
H111,Jan,Domestic,2,44,442.52,24.5,0,,,,
H111,Feb,Domestic,2,39,404.1,25,0,,,,
H111,Mar,Domestic,2,52,503.99,27.2,2.2,,,,
H111,Apr,Domestic,2,55,526.27,28.9,3.9,,,,
H111,May,Domestic,2,56,533.42,30.6,5.6,,,,
H111,Jun,Domestic,2,62,606,29.4,4.4,,,,
C112,Jan,Commercial,NA,587,7075.38,24.5,0,,,,
C112,Feb,Commercial,NA,714,8688.38,25,0,,,,
C112,Mar,Commercial,NA,1033,13606.79,27.2,2.2,,,,
C112,Apr,Commercial,NA,1130,14902.64,28.9,3.9,,,,
C112,May,Commercial,NA,1171,15393.66,30.6,5.6,,,,
C112,Jun,Commercial,NA,1003,13600.86,29.4,4.4,,,,
H113,Jan,Domestic,3,88,780.63,24.5,0,,,,
H113,Feb,Domestic,3,72,657.68,25,0,,,,
H113,Mar,Domestic,3,76,688.41,27.2,2.2,,,,
H113,Apr,Domestic,3,116,1112.94,28.9,3.9,,,,
H113,May,Domestic,3,113,1082.64,30.6,5.6,,,,
H113,Jun,Domestic,3,153,1579.06,29.4,4.4,,,,
C114,Jan,Commercial,NA,181,2716.96,24.5,0,,,,
C114,Feb,Commercial,NA,190,2823.48,25,0,,,,
C114,Mar,Commercial,NA,274,3817.65,27.2,2.2,,,,
C114,Apr,Commercial,NA,281,3730.79,28.9,3.9,,,,
C114,May,Commercial,NA,314,3968.12,30.6,5.6,,,,
C114,Jun,Commercial,NA,322,4253.28,29.4,4.4,,,,
H115,Jan,Domestic,2,69,634.63,24.5,0,,,,
H115,Feb,Domestic,2,66,611.57,25,0,,,,
H115,Mar,Domestic,2,98,860.6,27.2,2.2,,,,
H115,Apr,Domestic,2,97,848.47,28.9,3.9,,,,
H115,May,Domestic,2,119,1151.23,30.6,5.6,,,,
H115,Jun,Domestic,2,55,549.37,29.4,4.4,,,,
H116,Jan,Domestic,3,89,788.32,24.5,0,,,,
H116,Feb,Domestic,3,76,688.41,25,0,,,,
H116,Mar,Domestic,3,51,496.3,27.2,2.2,,,,
H116,Apr,Domestic,3,63,587.66,28.9,3.9,,,,
H116,May,Domestic,3,70,640.69,30.6,5.6,,,,
H116,Jun,Domestic,3,36,395.65,29.4,4.4,,,,
H117,Jan,Domestic,2,24,288.83,24.5,0,,,,
H117,Feb,Domestic,2,2,119.77,25,0,,,,
H117,Mar,Domestic,2,35,373.35,27.2,2.2,,,,
H117,Apr,Domestic,2,42,426.57,28.9,3.9,,,,
H117,May,Domestic,2,24,288.27,30.6,5.6,,,,
H117,Jun,Domestic,2,41,436.11,29.4,4.4,,,,
H118,Jan,Domestic,4,301,3101.46,24.5,0,,,,
H118,Feb,Domestic,4,263,2666.19,25,0,,,,
H118,Mar,Domestic,4,317,3344.24,27.2,2.2,,,,
H118,Apr,Domestic,4,310,3319.45,28.9,3.9,,,,
H118,May,Domestic,4,331,3641.22,30.6,5.6,,,,
H118,Jun,Domestic,4,376,4373.74,29.4,4.4,,,,
H119,Jan,Domestic,3,51,496.3,24.5,0,,,,
H119,Feb,Domestic,3,58,550.09,25,0,,,,
H119,Mar,Domestic,3,87,772.94,27.2,2.2,,,,
H119,Apr,Domestic,3,81,725.72,28.9,3.9,,,,
H119,May,Domestic,3,85,755.6,30.6,5.6,,,,
H119,Jun,Domestic,3,91,840.63,29.4,4.4,,,,
H120,Jan,Domestic,3,62,580.83,24.5,0,,,,
H120,Feb,Domestic,3,65,603.89,25,0,,,,
H120,Mar,Domestic,3,98,860.6,27.2,2.2,,,,
H120,Apr,Domestic,3,109,1034.76,28.9,3.9,,,,
H120,May,Domestic,3,107,1014.05,30.6,5.6,,,,
H120,Jun,Domestic,3,116,1131.21,29.4,4.4,,,,
H121,Jan,Domestic,3,62,580.83,24.5,0,,,,
H121,Feb,Domestic,3,65,603.89,25,0,,,,
H121,Mar,Domestic,3,98,860.6,27.2,2.2,,,,
H121,Apr,Domestic,3,109,1034.76,28.9,3.9,,,,
H121,May,Domestic,3,107,1014.07,30.6,5.6,,,,
H121,Jun,Domestic,3,116,1131.21,29.4,4.4,,,,
H122,Jan,Domestic,4,92,811.37,24.5,0,,,,
H122,Feb,Domestic,4,93,819.05,25,0,,,,
H122,Mar,Domestic,4,167,1659.14,27.2,2.2,,,,
H122,Apr,Domestic,4,152,1515.85,28.9,3.9,,,,
H122,May,Domestic,4,141,1402.71,30.6,5.6,,,,
H122,Jun,Domestic,4,176,1857.45,29.4,4.4,,,,
H123,Jan,Domestic,4,167,1649.74,24.5,0,,,,
H123,Feb,Domestic,4,133,1260.05,25,0,,,,
H123,Mar,Domestic,4,181,1810.56,27.2,2.2,,,,
H123,Apr,Domestic,4,194,1984.9,28.9,3.9,,,,
H123,May,Domestic,4,153,1539.88,30.6,5.6,,,,
H123,Jun,Domestic,4,204,2196.36,29.4,4.4,,,,
H124,Jan,Domestic,3,74,673.04,24.5,0,,,,
H124,Feb,Domestic,3,76,688.41,25,0,,,,
H124,Mar,Domestic,3,93,819.05,27.2,2.2,,,,
H124,Apr,Domestic,3,108,1023.95,28.9,3.9,,,,
H124,May,Domestic,3,97,847.54,30.6,5.6,,,,
H124,Jun,Domestic,3,126,1252.25,29.4,4.4,,,,
H125,Jan,Domestic,2,12,196.61,24.5,0,,,,
H125,Feb,Domestic,2,7,158.19,25,0,,,,
H125,Mar,Domestic,2,17,235.04,27.2,2.2,,,,
H125,Apr,Domestic,2,20,257.81,28.9,3.9,,,,
H125,May,Domestic,2,40,410.85,30.6,5.6,,,,
H125,Jun,Domestic,2,110,1058.56,29.4,4.4,,,,
H126,Jan,Domestic,3,55,527.04,24.5,0,,,,
H126,Feb,Domestic,3,46,457.88,25,0,,,,
H126,Mar,Domestic,3,78,703.78,27.2,2.2,,,,
H126,Apr,Domestic,3,105,990.27,28.9,3.9,,,,
H126,May,Domestic,3,86,753.26,30.6,5.6,,,,
H126,Jun,Domestic,3,137,1385.39,29.4,4.4,,,,
H127,Jan,Domestic,4,90,796,24.5,0,,,,
H127,Feb,Domestic,4,80,719.15,25,0,,,,
H127,Mar,Domestic,4,100,882.24,27.2,2.2,,,,
H127,Apr,Domestic,4,101,945.77,28.9,3.9,,,,
H127,May,Domestic,4,205,2237.58,30.6,5.6,,,,
H127,Jun,Domestic,4,162,1821.43,29.4,4.4,,,,
H128,Jan,Domestic,4,95,834.42,24.5,0,,,,
H128,Feb,Domestic,4,107,978.83,25,0,,,,
H128,Mar,Domestic,4,124,1228.04,27.2,2.2,,,,
H128,Apr,Domestic,4,157,1652.69,28.9,3.9,,,,
H128,May,Domestic,4,111,1159.17,30.6,5.6,,,,
H128,Jun,Domestic,4,129,1272.63,29.4,4.4,,,,
H129,Jan,Domestic,5,126,1206.27,24.5,0,,,,
H129,Feb,Domestic,5,128,1205.97,25,0,,,,
H129,Mar,Domestic,5,141,1377.91,27.2,2.2,,,,
H129,Apr,Domestic,5,147,1459.93,28.9,3.9,,,,
H129,May,Domestic,5,195,2249.97,30.6,5.6,,,,
H129,Jun,Domestic,5,165,1724.31,29.4,4.4,,,,
H130,Jan,Domestic,4,56,534.72,24.5,0,,,,
H130,Feb,Domestic,4,54,519.36,25,0,,,,
H130,Mar,Domestic,4,111,1053.41,27.2,2.2,,,,
H130,Apr,Domestic,4,252,2633.15,28.9,3.9,,,,
H130,May,Domestic,4,314,3419.2,30.6,5.6,,,,
H130,Jun,Domestic,4,252,2777.35,29.4,4.4,,,,
H131,Jan,Domestic,3,120,1141.37,24.5,0,,,,
H131,Feb,Domestic,3,105,963.46,25,0,,,,
H131,Mar,Domestic,3,104,977.7,27.2,2.2,,,,
H131,Apr,Domestic,3,142,1404.01,28.9,3.9,,,,
H131,May,Domestic,3,165,1860.4,30.6,5.6,,,,
H131,Jun,Domestic,3,217,2353.72,29.4,4.4,,,,
H132,Jan,Domestic,4,143,1390.15,24.5,0,,,,
H132,Feb,Domestic,4,137,1303.32,25,0,,,,
H132,Mar,Domestic,4,41,419.46,27.2,2.2,,,,
H132,Apr,Domestic,4,61,572.31,28.9,3.9,,,,
H132,May,Domestic,4,85,755.6,30.6,5.6,,,,
H132,Jun,Domestic,4,181,1917.97,29.4,4.4,,,,
H133,Jan,Domestic,4,30,929.81,24.5,0,,,,
H133,Feb,Domestic,4,79,1509.75,25,0,,,,
H133,Mar,Domestic,4,99,1746.46,27.2,2.2,,,,
H133,Apr,Domestic,4,87,1551.97,28.9,3.9,,,,
H133,May,Domestic,4,115,1817.55,30.6,5.6,,,,
H133,Jun,Domestic,4,135,2116.99,29.4,4.4,,,,
H134,Jan,Domestic,2,37,388.72,24.5,0,,,,
H134,Feb,Domestic,2,45,450.2,25,0,,,,
H134,Mar,Domestic,2,49,480.94,27.2,2.2,,,,
H134,Apr,Domestic,2,57,541.62,28.9,3.9,,,,
H134,May,Domestic,2,115,1105.5,30.6,5.6,,,,
H134,Jun,Domestic,2,111,1070.68,29.4,4.4,,,,
H135,Jan,Domestic,3,143,1390.15,24.5,0,,,,
H135,Feb,Domestic,3,121,1130.26,25,0,,,,
H135,Mar,Domestic,3,141,1377.91,27.2,2.2,,,,
H135,Apr,Domestic,3,159,1594.03,28.9,3.9,,,,
H135,May,Domestic,3,178,1825.66,30.6,5.6,,,,
H135,Jun,Domestic,3,140,1421.71,29.4,4.4,,,,
H136,Jan,Domestic,4,76,688.41,24.5,0,,,,
H136,Feb,Domestic,4,74,673.05,25,0,,,,
H136,Mar,Domestic,4,96,842.1,27.2,2.2,,,,
H136,Apr,Domestic,4,125,1213.98,28.9,3.9,,,,
H136,May,Domestic,4,142,1414.14,30.6,5.6,,,,
H136,Jun,Domestic,4,167,1748.52,29.4,4.4,,,,
H137,Jan,Domestic,3,43,434.83,24.5,0,,,,
H137,Feb,Domestic,3,37,388.72,25,0,,,,
H137,Mar,Domestic,3,47,465.57,27.2,2.2,,,,
H137,Apr,Domestic,3,74,672.03,28.9,3.9,,,,
H137,May,Domestic,3,38,395.53,30.6,5.6,,,,
H137,Jun,Domestic,3,62,606,29.4,4.4,,,,
C138,Jan,Commercial,NA,29,917.98,24.5,0,,,,
C138,Feb,Commercial,NA,38,1024.5,25,0,,,,
C138,Mar,Commercial,NA,51,1178.36,27.2,2.2,,,,
C138,Apr,Commercial,NA,78,1450.6,28.9,3.9,,,,
C138,May,Commercial,NA,119,1860.77,30.6,5.6,,,,
C138,Jun,Commercial,NA,85,1545.79,29.4,4.4,,,,
H139,Jan,Domestic,3,103,957.49,24.5,0,,,,
H139,Feb,Domestic,3,104,955.78,25,0,,,,
H139,Mar,Domestic,3,104,977.7,27.2,2.2,,,,
H139,Apr,Domestic,3,93,817.78,28.9,3.9,,,,
H139,May,Domestic,3,98,858.97,30.6,5.6,,,,
H139,Jun,Domestic,3,105,1006.09,29.4,4.4,,,,
H140,Jan,Domestic,4,111,1044.02,24.5,0,,,,
H140,Feb,Domestic,4,102,940.41,25,0,,,,
H140,Mar,Domestic,4,110,1042.6,27.2,2.2,,,,
H140,Apr,Domestic,4,149,1482.18,28.9,3.9,,,,
H140,May,Domestic,4,227,2385.79,30.6,5.6,,,,
H140,Jun,Domestic,4,237,2594.79,29.4,4.4,,,,
C141,Jan,Commercial,NA,122,"2,017.88",24.5,0,,,,
C141,Feb,Commercial,NA,96,"1,587.84",25,0,,,,
C141,Mar,Commercial,NA,123,"2,034.42",27.2,2.2,,,,
C141,Apr,Commercial,NA,124,"2,050.96",28.9,3.9,,,,
C141,May,Commercial,NA,154,"2,547.16",30.6,5.6,,,,
C141,Jun,Commercial,NA,184,"3,043.36",29.4,4.4,,,,
H142,Jan,Domestic,3,74,673.05,24.5,0,,,,
H142,Feb,Domestic,3,72,657.68,25,0,,,,
H142,Mar,Domestic,3,95,834.42,27.2,2.2,,,,
H142,Apr,Domestic,3,101,945.77,28.9,3.9,,,,
H142,May,Domestic,3,46,456.82,30.6,5.6,,,,
H142,Jun,Domestic,3,95,872.99,29.4,4.4,,,,
H143,Jan,Domestic,2,60,565.46,24.5,0,,,,
H143,Feb,Domestic,2,62,580.83,25,0,,,,
H143,Mar,Domestic,2,77,696.10,27.2,2.2,,,,
H143,Apr,Domestic,2,88,779.43,28.9,3.9,,,,
H143,May,Domestic,2,92,809.23,30.6,5.6,,,,
H143,Jun,Domestic,2,79,743.54,29.4,4.4,,,,
H144,Jan,Domestic,4,259,"2,622.92",24.5,0,,,,
H144,Feb,Domestic,4,259,"3,239.14",25,0,,,,
H144,Mar,Domestic,4,309,"3,239.14",27.2,2.2,,,,
H144,Apr,Domestic,4,317,"3,411.09",28.9,3.9,,,,
H144,May,Domestic,4,282,"3,014.51",30.6,5.6,,,,
H144,Jun,Domestic,4,126,"1,252.25",29.4,4.4,,,,
C145,Jan,Commercial,NA,181,"2,600.97",24.5,0,,,,
C145,Feb,Commercial,NA,190,"2,730.30",25,0,,,,
C145,Mar,Commercial,NA,274,"3,937.38",27.2,2.2,,,,
C145,Apr,Commercial,NA,281,"4,037.97",28.9,3.9,,,,
C145,May,Commercial,NA,314,"4,512.18",30.6,5.6,,,,
C145,Jun,Commercial,NA,322,"4,627.14",29.4,4.4,,,,
H146,Jan,Domestic,4,112,"1,064.23",24.5,0,,,,
H146,Feb,Domestic,4,122,"1,128.55",25,0,,,,
H146,Mar,Domestic,4,233,"2,373.01",27.2,2.2,,,,
H146,Apr,Domestic,4,385,"4,301.11",28.9,3.9,,,,
H146,May,Domestic,4,426,"4,881.46",30.6,5.6,,,,
H146,Jun,Domestic,4,370,"4,290.89",29.4,4.4,,,,
H147,Jan,Domestic,3,53,511.67,24.5,0,,,,
H147,Feb,Domestic,3,55,527.04,25,0,,,,
H147,Mar,Domestic,3,67,619.26,27.2,2.2,,,,
H147,Apr,Domestic,3,64,595.32,28.9,3.9,,,,
H147,May,Domestic,3,61,571.73,30.6,5.6,,,,
H147,Jun,Domestic,3,49,500.83,29.4,4.4,,,,
H148,Jan,Commercial,NA,43,"1,083.68",24.5,0,,,,
H148,Feb,Commercial,NA,46,"1,119.18",25,0,,,,
H148,Mar,Commercial,NA,49,"1,154.69",27.2,2.2,,,,
H148,Apr,Commercial,NA,51,"1,147.50",28.9,3.9,,,,
H148,May,Commercial,NA,22,812.50,30.6,5.6,,,,
H148,Jun,Commercial,NA,66,"1,328.74",29.4,4.4,,,,
H149,Jan,Domestic,4,232,2352.8,24.5,0,,,,
H149,Feb,Domestic,4,176,"1,725.16",25,0,,,,
H149,Mar,Domestic,4,271,"2,784.04",27.2,2.2,,,,
H149,Apr,Domestic,4,30,334.51,28.9,3.9,,,,
H149,May,Domestic,4,9,173.35,30.6,5.6,,,,
H149,Jun,Domestic,4,0,104.40,29.4,4.4,,,,
H150,Jan,Domestic,4,156,"1,530.76",24.5,0,,,,
H150,Feb,Domestic,4,178,"1,746.79",25,0,,,,
H150,Mar,Domestic,4,225,"2,286.49",27.2,2.2,,,,
H150,Apr,Domestic,4,250,2610.91,28.9,3.9,,,,
H150,May,Domestic,4,369,"4,137.32",30.6,5.6,,,,
H150,Jun,Domestic,4,368,"4,263.27",29.4,4.4,,,,
H151,Jan,Domestic,4,143,"1,368.22",24.5,0,,,,
H151,Feb,Domestic,4,143,"1,390.15",25,0,,,,
H151,Mar,Domestic,4,174,"1,734.85",27.2,2.2,,,,
H151,Apr,Domestic,4,179,"1,817.12",28.9,3.9,,,,
H151,May,Domestic,4,200,"2,077.15",30.6,5.6,,,,
H151,Jun,Domestic,4,217,"2,353.72",29.4,4.4,,,,
H152,Jan,Domestic,5,181,"1,801.17",24.5,0,,,,
H152,Feb,Domestic,5,172,"1,681.90",25,0,,,,
H152,Mar,Domestic,5,211,"2,135.05",27.2,2.2,,,,
H152,Apr,Domestic,5,248,"2,588.66",28.9,3.9,,,,
H152,May,Domestic,5,304,"3,288.73",30.6,5.6,,,,
H152,Jun,Domestic,5,326,"3,683.28",29.4,4.4,,,,
C153,Jan,Commercial,NA,992,11486.99,24.5,0,,,,
C153,Feb,Commercial,NA,891,11120.1,25,0,,,,
C153,Mar,Commercial,NA,952,11842.05,27.2,2.2,,,,
C153,Apr,Commercial,NA,1240,14502.93,28.9,3.9,,,,
C153,May,Commercial,NA,1274,14342.74,30.6,5.6,,,,
C153,Jun,Commercial,NA,1297,15391.68,29.4,4.4,,,,
H154,Jan,Domestic,4,117,1118.32,24.5,0,,,,
H154,Feb,Domestic,4,124,1150.18,25,0,,,,
H154,Mar,Domestic,4,164,1626.69,27.2,2.2,,,,
H154,Apr,Domestic,4,163,1638.53,28.9,3.9,,,,
H154,May,Domestic,4,185,1905.68,30.6,5.6,,,,
H154,Jun,Domestic,4,207,2232.67,29.4,4.4,,,,
H155,Jan,Domestic,3,108,1020.96,24.5,0,,,,
H155,Feb,Domestic,3,118,1085.29,25,0,,,,
H155,Mar,Domestic,3,131,1269.74,27.2,2.2,,,,
H155,Apr,Domestic,3,162,1627.09,28.9,3.9,,,,
H155,May,Domestic,3,199,2065.72,30.6,5.6,,,,
H155,Jun,Domestic,3,231,2523.17,29.4,4.4,,,,
H156,Jan,Domestic,4,134,1292.79,24.5,0,,,,
H156,Feb,Domestic,4,111,1022.09,25,0,,,,
H156,Mar,Domestic,4,203,2048.52,27.2,2.2,,,,
H156,Apr,Domestic,4,239,2488.24,28.9,3.9,,,,
H156,May,Domestic,4,228,2397.22,30.6,5.6,,,,
H156,Jun,Domestic,4,209,2256.88,29.4,4.4,,,,
H157,Jan,Domestic,3,77,696.1,24.5,0,,,,
H157,Feb,Domestic,3,70,642.31,25,0,,,,
H157,Mar,Domestic,3,87,772.94,27.2,2.2,,,,
H157,Apr,Domestic,3,105,990.27,28.9,3.9,,,,
H157,May,Domestic,3,80,717.29,30.6,5.6,,,,
H157,Jun,Domestic,3,135,1361.18,29.4,4.4,,,,
H158,Jan,Domestic,1,15,219.67,24.5,0,,,,
H158,Feb,Domestic,1,20,258.09,25,0,,,,
H158,Mar,Domestic,1,32,350.3,27.2,2.2,,,,
H158,Apr,Domestic,1,36,380.52,28.9,3.9,,,,
H158,May,Domestic,1,37,387.86,30.6,5.6,,,,
H158,Jun,Domestic,1,18,250.03,29.4,4.4,,,,
H159,Jan,Domestic,3,41,419.46,24.5,0,,,,
H159,Feb,Domestic,3,56,534.72,25,0,,,,
H159,Mar,Domestic,3,79,711.47,27.2,2.2,,,,
H159,Apr,Domestic,3,111,1057.62,28.9,3.9,,,,
H159,May,Domestic,3,124,1208.38,30.6,5.6,,,,
H159,Jun,Domestic,3,144,1470.12,29.4,4.4,,,,
H160,Jan,Domestic,2,72,657.68,24.5,0,,,,
H160,Feb,Domestic,2,56,534.72,25,0,,,,
H160,Mar,Domestic,2,29,327.25,27.2,2.2,,,,
H160,Apr,Domestic,2,29,326.85,28.9,3.9,,,,
H160,May,Domestic,2,34,364.88,30.6,5.6,,,,
H160,Jun,Domestic,2,152,1566.95,29.4,4.4,,,,
C161,Jan,Commercial,NA,138,"2,388.78",24.5,0,,,,
C161,Feb,Commercial,NA,131,"2,267.61",25,0,,,,
C161,Mar,Commercial,NA,120,"2,077.20",27.2,2.2,,,,
C161,Apr,Commercial,NA,111,"1,921.41",28.9,3.9,,,,
C161,May,Commercial,NA,104,"1,800.24",30.6,5.6,,,,
C161,Jun,Commercial,NA,108,"1,869.48",29.4,4.4,,,,
H162,Jan,Domestic,4,303,"3,160.32",24.5,0,,,,
H162,Feb,Domestic,4,227,"2,264.27",25,0,,,,
H162,Mar,Domestic,4,306,"3,199.73",27.2,2.2,,,,
H162,Apr,Domestic,4,368,"4,078.61",28.9,3.9,,,,
H162,May,Domestic,4,297,"3,197.35",30.6,5.6,,,,
H162,Jun,Domestic,4,333,"3,779.94",29.4,4.4,,,,
H163,Jan,Domestic,3,77,696.10,24.5,0,,,,
H163,Feb,Domestic,3,87,772.94,25,0,,,,
H163,Mar,Domestic,3,112,"1,064.23",27.2,2.2,,,,
H163,Apr,Domestic,3,139,"1,370.33",28.9,3.9,,,,
H163,May,Domestic,3,155,"1,562.74",30.6,5.6,,,,
H163,Jun,Domestic,3,156,"1,615.37",29.4,4.4,,,,
C164,Jan,Commercial,NA,2368,"25,829.33",24.5,0,,,,
C164,Feb,Commercial,NA,2412,"26,309.26",25,0,,,,
C164,Mar,Commercial,NA,2455,"26,778.29",27.2,2.2,,,,
C164,Apr,Commercial,NA,2534,"27,640.00",28.9,3.9,,,,
C164,May,Commercial,NA,2420,"26,396.52",30.6,5.6,,,,
C164,Jun,Commercial,NA,2574,"28,076.30",29.4,4.4,,,,
H165,Jan,Domestic,4,138,1186,24.5,0,,,,
H165,Feb,Domestic,4,144,1247,25,0,,,,
H165,Mar,Domestic,4,159,1399,27.2,2.2,,,,
H165,Apr,Domestic,4,188,1615,28.9,3.9,,,,
H165,May,Domestic,4,183,1523,30.6,5.6,,,,
H165,Jun,Domestic,4,176,1456,29.4,4.4,,,,
C167,Jan,Commercial,NA,399,5511.97,24.5,0,,,,
C167,Feb,Commercial,NA,342,4724.55,25,0,,,,
C167,Mar,Commercial,NA,326,4503.51,27.2,2.2,,,,
C167,Apr,Commercial,NA,306,4227.22,28.9,3.9,,,,
C167,May,Commercial,NA,273,3771.35,30.6,5.6,,,,
C167,Jun,Commercial,NA,289,3992.38,29.4,4.4,,,,
H168,Jan,Domestic,2,59,557.78,24.5,0,,,,
H168,Feb,Domestic,2,61,573.14,25,0,,,,
H168,Mar,Domestic,2,66,611.57,27.2,2.2,,,,
H168,Apr,Domestic,2,59,556.96,28.9,3.9,,,,
H168,May,Domestic,2,58,548.75,30.6,5.6,,,,
H168,Jun,Domestic,2,88,816.36,29.4,4.4,,,,
